{"cameraMode":{"drawMode":0,"name":"Shaded","section":"Shading Mode"},"sceneLighting":false,"audioPlay":false,"sceneViewState":{"showFog":false,"showMaterialUpdate":false,"showSkybox":false,"showFlares":false,"showImageEffects":false,"showParticleSystems":false},"in2DMode":false,"pivot":{"x":5.047719955444336,"y":-3.540767192840576,"z":4.582648277282715},"rotation":{"x":0.47035834193229678,"y":-0.02515464834868908,"z":0.013398101553320885,"w":0.882046103477478},"size":4.682247638702393,"orthographic":false}