{"cameraMode":{"drawMode":0,"name":"Shaded","section":"Shading Mode"},"sceneLighting":false,"audioPlay":false,"sceneViewState":{"showFog":false,"showMaterialUpdate":false,"showSkybox":false,"showFlares":false,"showImageEffects":false,"showParticleSystems":false},"in2DMode":false,"pivot":{"x":5.22235107421875,"y":0.6246652603149414,"z":4.715617656707764},"rotation":{"x":0.35029345750808718,"y":0.009828561916947365,"z":-0.0036877417005598547,"w":0.9365992546081543},"size":4.682247638702393,"orthographic":false}