{"cameraMode":{"drawMode":0,"name":"Shaded","section":"Shading Mode"},"sceneLighting":false,"audioPlay":false,"sceneViewState":{"showFog":false,"showMaterialUpdate":false,"showSkybox":true,"showFlares":false,"showImageEffects":false,"showParticleSystems":false},"in2DMode":false,"pivot":{"x":-0.000769197940826416,"y":0.44434595108032229,"z":-1.941671371459961},"rotation":{"x":0.0005858964868821204,"y":-0.998809278011322,"z":0.04737762361764908,"w":0.012281090952455998},"size":2.421147346496582,"orthographic":false}