{"cameraMode":{"drawMode":0,"name":"Shaded","section":"Shading Mode"},"sceneLighting":false,"audioPlay":false,"sceneViewState":{"showFog":false,"showMaterialUpdate":false,"showSkybox":false,"showFlares":false,"showImageEffects":false,"showParticleSystems":false},"in2DMode":false,"pivot":{"x":10.410676956176758,"y":3.4570021629333498,"z":5.868810653686523},"rotation":{"x":0.39510414004325869,"y":-0.12750470638275147,"z":0.05547412484884262,"w":0.9080632328987122},"size":6.196512222290039,"orthographic":false}