{"cameraMode":{"drawMode":0,"name":"Shaded","section":"Shading Mode"},"sceneLighting":false,"audioPlay":false,"sceneViewState":{"showFog":false,"showMaterialUpdate":false,"showSkybox":false,"showFlares":false,"showImageEffects":false,"showParticleSystems":false},"in2DMode":false,"pivot":{"x":-0.5469574928283691,"y":3.864262104034424,"z":0.45821523666381838},"rotation":{"x":0.16828086972236634,"y":-0.6803630590438843,"z":0.16498060524463654,"w":0.6939650177955627},"size":11.2943696975708,"orthographic":false}