{"cameraMode":{"drawMode":0,"name":"Shaded","section":"Shading Mode"},"sceneLighting":false,"audioPlay":false,"sceneViewState":{"showFog":false,"showMaterialUpdate":false,"showSkybox":false,"showFlares":false,"showImageEffects":false,"showParticleSystems":false},"in2DMode":false,"pivot":{"x":3.061361074447632,"y":-21.266176223754884,"z":22.962175369262697},"rotation":{"x":0.35029345750808718,"y":0.009828561916947365,"z":-0.0036877417005598547,"w":0.9365992546081543},"size":21.670223236083986,"orthographic":false}