{"cameraMode":{"drawMode":0,"name":"Shaded","section":"Shading Mode"},"sceneLighting":false,"audioPlay":false,"sceneViewState":{"showFog":false,"showMaterialUpdate":false,"showSkybox":false,"showFlares":false,"showImageEffects":false,"showParticleSystems":false},"in2DMode":false,"pivot":{"x":10.654949188232422,"y":3.211153030395508,"z":5.530890464782715},"rotation":{"x":-0.28035008907318118,"y":0.19496232271194459,"z":-0.058256860822439197,"w":-0.9380984306335449},"size":8.138036727905274,"orthographic":false}