{"cameraMode":{"drawMode":0,"name":"Shaded","section":"Shading Mode"},"sceneLighting":false,"audioPlay":false,"sceneViewState":{"showFog":false,"showMaterialUpdate":false,"showSkybox":false,"showFlares":false,"showImageEffects":false,"showParticleSystems":false},"in2DMode":false,"pivot":{"x":-12.041685104370118,"y":-1.669084072113037,"z":5.414245128631592},"rotation":{"x":0.2571486234664917,"y":0.11275049299001694,"z":-0.03023315966129303,"w":0.9593143463134766},"size":4.6710662841796879,"orthographic":false}