{"cameraMode":{"drawMode":0,"name":"Shaded","section":"Shading Mode"},"sceneLighting":false,"audioPlay":false,"sceneViewState":{"showFog":false,"showMaterialUpdate":false,"showSkybox":false,"showFlares":false,"showImageEffects":false,"showParticleSystems":false},"in2DMode":false,"pivot":{"x":0.14118355512619019,"y":-0.9016590118408203,"z":0.6281485557556152},"rotation":{"x":0.3471919298171997,"y":0.039371490478515628,"z":-0.014589780941605568,"w":0.9368634819984436},"size":4.450899600982666,"orthographic":false}