{"cameraMode":{"drawMode":0,"name":"Shaded","section":"Shading Mode"},"sceneLighting":false,"audioPlay":false,"sceneViewState":{"showFog":false,"showMaterialUpdate":false,"showSkybox":false,"showFlares":false,"showImageEffects":false,"showParticleSystems":false},"in2DMode":false,"pivot":{"x":-0.5196981430053711,"y":3.856995105743408,"z":0.4618043899536133},"rotation":{"x":0.2571486234664917,"y":0.11275049299001694,"z":-0.03023315966129303,"w":0.9593143463134766},"size":8.510939598083496,"orthographic":false}