{"cameraMode":{"drawMode":0,"name":"Shaded","section":"Shading Mode"},"sceneLighting":false,"audioPlay":false,"sceneViewState":{"showFog":false,"showMaterialUpdate":false,"showSkybox":false,"showFlares":false,"showImageEffects":false,"showParticleSystems":false},"in2DMode":false,"pivot":{"x":-5.078483581542969,"y":-2.6364688873291017,"z":5.538960933685303},"rotation":{"x":0.5579364895820618,"y":0.007206378038972616,"z":-0.004844043403863907,"w":0.8298811912536621},"size":6.834931373596191,"orthographic":false}