{"cameraMode":{"drawMode":0,"name":"Shaded","section":"Shading Mode"},"sceneLighting":false,"audioPlay":false,"sceneViewState":{"showFog":false,"showMaterialUpdate":false,"showSkybox":false,"showFlares":false,"showImageEffects":false,"showParticleSystems":false},"in2DMode":false,"pivot":{"x":9.920154571533204,"y":5.3122687339782719,"z":5.561556339263916},"rotation":{"x":0.2571486234664917,"y":0.11275049299001694,"z":-0.03023315966129303,"w":0.9593143463134766},"size":19.119905471801759,"orthographic":false}