{"cameraMode":{"drawMode":0,"name":"Shaded","section":"Shading Mode"},"sceneLighting":false,"audioPlay":false,"sceneViewState":{"showFog":false,"showMaterialUpdate":false,"showSkybox":false,"showFlares":false,"showImageEffects":false,"showParticleSystems":false},"in2DMode":false,"pivot":{"x":-4.647604465484619,"y":-4.540797233581543,"z":13.56421184539795},"rotation":{"x":0.21955664455890656,"y":0.019019296392798425,"z":-0.004290719050914049,"w":0.9754241108894348},"size":10.37106990814209,"orthographic":false}