{"cameraMode":{"drawMode":0,"name":"Shaded","section":"Shading Mode"},"sceneLighting":false,"audioPlay":false,"sceneViewState":{"showFog":false,"showMaterialUpdate":false,"showSkybox":false,"showFlares":false,"showImageEffects":false,"showParticleSystems":false},"in2DMode":false,"pivot":{"x":3.3743090629577638,"y":0.08205161988735199,"z":2.80839204788208},"rotation":{"x":0.4772149920463562,"y":-0.2973020672798157,"z":0.17554046213626862,"w":0.8081576824188232},"size":4.682247638702393,"orthographic":false}