{"cameraMode":{"drawMode":0,"name":"Shaded","section":"Shading Mode"},"sceneLighting":false,"audioPlay":false,"sceneViewState":{"showFog":false,"showMaterialUpdate":false,"showSkybox":false,"showFlares":false,"showImageEffects":false,"showParticleSystems":false},"in2DMode":false,"pivot":{"x":0.045825980603694919,"y":0.5117396116256714,"z":-0.2961019277572632},"rotation":{"x":0.2571486234664917,"y":0.11275049299001694,"z":-0.03023315966129303,"w":0.9593143463134766},"size":0.9478742480278015,"orthographic":false}