{"cameraMode":{"drawMode":0,"name":"Shaded","section":"Shading Mode"},"sceneLighting":false,"audioPlay":false,"sceneViewState":{"showFog":false,"showMaterialUpdate":false,"showSkybox":false,"showFlares":false,"showImageEffects":false,"showParticleSystems":false},"in2DMode":false,"pivot":{"x":1.055799961090088,"y":4.745718002319336,"z":4.768071174621582},"rotation":{"x":0.27230581641197207,"y":-0.16213196516036988,"z":0.04659432917833328,"w":0.9473267793655396},"size":8.51434326171875,"orthographic":false}