{"cameraMode":{"drawMode":0,"name":"Shaded","section":"Shading Mode"},"sceneLighting":false,"audioPlay":false,"sceneViewState":{"showFog":false,"showMaterialUpdate":false,"showSkybox":false,"showFlares":false,"showImageEffects":false,"showParticleSystems":false},"in2DMode":false,"pivot":{"x":0.30615344643592837,"y":0.2502063810825348,"z":-0.9172965288162231},"rotation":{"x":0.16064706444740296,"y":0.02516588382422924,"z":-0.004101783037185669,"w":0.9866946935653687},"size":0.846169650554657,"orthographic":false}